{
  "version": 1,
  "author": "Sergio Eduardo Palmiere",
  "editor": "wokwi",
  "parts": [
    { "type": "board-esp32-devkit-c-v4", "id": "esp", "top": 0, "left": 0, "attrs": {} },
    {
      "type": "wokwi-dht22",
      "id": "dht1",
      "top": -66.9,
      "left": -130.2,
      "attrs": { "temperature": "-37.7", "humidity": "67.5" }
    }
  ],
  "connections": [
    [ "esp:TX", "$serialMonitor:RX", "", [] ],
    [ "esp:RX", "$serialMonitor:TX", "", [] ],
    [ "dht1:VCC", "esp:3V3", "red", [ "v38.4", "h57.6", "v-57.6" ] ],
    [ "dht1:SDA", "esp:D2", "green", [ "v0" ] ],
    [ "dht1:GND", "esp:GND.1", "black", [ "v0" ] ]
  ],
  "dependencies": {}
}